{
  "workspaces": {
    "文献阅读": {
      "main": {
        "id": "9a0780749afe3857",
        "type": "split",
        "children": [
          {
            "id": "0d255cdd69daa9bf",
            "type": "leaf",
            "pinned": true,
            "state": {
              "type": "markdown",
              "state": {
                "file": "00-MOC/阅读清单.md",
                "mode": "preview"
              },
              "pinned": true
            }
          }
        ],
        "direction": "vertical"
      },
      "left": {
        "id": "169762c0897285b5",
        "type": "split",
        "children": [
          {
            "id": "66a927cf4be47876",
            "type": "tabs",
            "children": [
              {
                "id": "3090910a3bbb4bfa",
                "type": "leaf",
                "state": {
                  "type": "file-explorer",
                  "state": {}
                }
              },
              {
                "id": "d4cc5673d41093ba",
                "type": "leaf",
                "state": {
                  "type": "search",
                  "state": {
                    "query": "",
                    "matchingCase": true,
                    "explainSearch": true,
                    "collapseAll": true,
                    "extraContext": false,
                    "sortOrder": "alphabetical"
                  }
                }
              },
              {
                "id": "af328bc8c7dd1264",
                "type": "leaf",
                "state": {
                  "type": "starred",
                  "state": {}
                }
              }
            ]
          }
        ],
        "direction": "horizontal",
        "width": 207,
        "collapsed": true
      },
      "right": {
        "id": "6e7011190a6a4416",
        "type": "split",
        "children": [
          {
            "id": "2c47daab7a7f6b09",
            "type": "tabs",
            "dimension": 40.609137055837564,
            "children": [
              {
                "id": "ec1d354533e6cbd2",
                "type": "leaf",
                "state": {
                  "type": "tag",
                  "state": {
                    "sortOrder": "frequency",
                    "useHierarchy": true
                  }
                }
              },
              {
                "id": "0d92b31ac7bc3511",
                "type": "leaf",
                "state": {
                  "type": "calendar",
                  "state": {}
                }
              },
              {
                "id": "b4bbb6d3769d62dc",
                "type": "leaf",
                "state": {
                  "type": "advanced-tables-toolbar",
                  "state": {}
                }
              }
            ],
            "currentTab": 1
          },
          {
            "id": "4f101d806a54a17c",
            "type": "tabs",
            "dimension": 59.390862944162436,
            "children": [
              {
                "id": "450ad81cf27a4dff",
                "type": "leaf",
                "state": {
                  "type": "outline",
                  "state": {
                    "file": "00-MOC/阅读清单.md"
                  }
                }
              },
              {
                "id": "227681cc38450669",
                "type": "leaf",
                "state": {
                  "type": "backlink",
                  "state": {
                    "file": "00-MOC/阅读清单.md",
                    "collapseAll": false,
                    "extraContext": false,
                    "sortOrder": "alphabetical",
                    "showSearch": true,
                    "searchQuery": "",
                    "backlinkCollapsed": false,
                    "unlinkedCollapsed": true
                  }
                }
              },
              {
                "id": "60ed30d1cc6d4c8d",
                "type": "leaf",
                "state": {
                  "type": "recent-files",
                  "state": {}
                }
              }
            ],
            "currentTab": 2
          }
        ],
        "direction": "horizontal",
        "width": 245
      },
      "active": "0d255cdd69daa9bf"
    },
    "日志草稿": {
      "main": {
        "id": "9a0780749afe3857",
        "type": "split",
        "children": [
          {
            "id": "bb3efc9cc32deb4b",
            "type": "leaf",
            "state": {
              "type": "markdown",
              "state": {
                "file": "README.md",
                "mode": "source",
                "source": false
              }
            },
            "pane-relief:history-v1": {
              "pos": 0,
              "stack": [
                {
                  "leaf": "bb3efc9cc32deb4b",
                  "group": null,
                  "state": "{\"type\":\"markdown\",\"state\":{\"file\":\"README.md\",\"mode\":\"source\",\"source\":false}}",
                  "eState": "{\"scroll\":7.355281220627748}"
                },
                {
                  "leaf": "bb3efc9cc32deb4b",
                  "group": null,
                  "state": "{\"type\":\"empty\",\"state\":{}}",
                  "eState": "{}"
                }
              ]
            }
          }
        ],
        "direction": "vertical"
      },
      "left": {
        "id": "169762c0897285b5",
        "type": "split",
        "children": [
          {
            "id": "66a927cf4be47876",
            "type": "tabs",
            "children": [
              {
                "id": "3090910a3bbb4bfa",
                "type": "leaf",
                "state": {
                  "type": "file-explorer",
                  "state": {}
                },
                "pane-relief:history-v1": {
                  "pos": 0,
                  "stack": []
                }
              },
              {
                "id": "d4cc5673d41093ba",
                "type": "leaf",
                "state": {
                  "type": "search",
                  "state": {
                    "query": "tag:obsidian读文献",
                    "matchingCase": true,
                    "explainSearch": true,
                    "collapseAll": true,
                    "extraContext": false,
                    "sortOrder": "alphabetical"
                  }
                },
                "pane-relief:history-v1": {
                  "pos": 0,
                  "stack": []
                }
              },
              {
                "id": "af328bc8c7dd1264",
                "type": "leaf",
                "state": {
                  "type": "starred",
                  "state": {}
                },
                "pane-relief:history-v1": {
                  "pos": 0,
                  "stack": []
                }
              }
            ]
          },
          {
            "id": "a2d3d1f4b6a566ca",
            "type": "tabs",
            "children": [
              {
                "id": "ec1d354533e6cbd2",
                "type": "leaf",
                "state": {
                  "type": "tag",
                  "state": {
                    "sortOrder": "frequency",
                    "useHierarchy": true
                  }
                },
                "pane-relief:history-v1": {
                  "pos": 0,
                  "stack": []
                }
              },
              {
                "id": "60ed30d1cc6d4c8d",
                "type": "leaf",
                "state": {
                  "type": "recent-files",
                  "state": {}
                },
                "pane-relief:history-v1": {
                  "pos": 0,
                  "stack": []
                }
              }
            ],
            "currentTab": 1
          }
        ],
        "direction": "horizontal",
        "width": 215
      },
      "right": {
        "id": "6e7011190a6a4416",
        "type": "split",
        "children": [
          {
            "id": "2c47daab7a7f6b09",
            "type": "tabs",
            "dimension": 38.66498740554156,
            "children": [
              {
                "id": "0d92b31ac7bc3511",
                "type": "leaf",
                "state": {
                  "type": "calendar",
                  "state": {}
                },
                "pane-relief:history-v1": {
                  "pos": 0,
                  "stack": []
                }
              },
              {
                "id": "b4bbb6d3769d62dc",
                "type": "leaf",
                "state": {
                  "type": "advanced-tables-toolbar",
                  "state": {}
                },
                "pane-relief:history-v1": {
                  "pos": 0,
                  "stack": []
                }
              }
            ]
          },
          {
            "id": "4f101d806a54a17c",
            "type": "tabs",
            "dimension": 61.33501259445844,
            "children": [
              {
                "id": "450ad81cf27a4dff",
                "type": "leaf",
                "state": {
                  "type": "outline",
                  "state": {
                    "file": "README.md"
                  }
                },
                "pane-relief:history-v1": {
                  "pos": 0,
                  "stack": []
                }
              },
              {
                "id": "227681cc38450669",
                "type": "leaf",
                "state": {
                  "type": "backlink",
                  "state": {
                    "file": "README.md",
                    "collapseAll": false,
                    "extraContext": false,
                    "sortOrder": "alphabetical",
                    "showSearch": true,
                    "searchQuery": "",
                    "backlinkCollapsed": false,
                    "unlinkedCollapsed": true
                  }
                },
                "pane-relief:history-v1": {
                  "pos": 0,
                  "stack": []
                }
              },
              {
                "id": "b925b1fa789215ee",
                "type": "leaf",
                "state": {
                  "type": "markdown",
                  "state": {
                    "file": "08-Assets/Scripts/常用工具.md",
                    "mode": "preview",
                    "source": false
                  }
                },
                "pane-relief:history-v1": {
                  "pos": 0,
                  "stack": [
                    {
                      "leaf": "b925b1fa789215ee",
                      "group": null,
                      "state": "{\"type\":\"markdown\",\"state\":{\"file\":\"08-Assets/Scripts/常用工具.md\",\"mode\":\"preview\",\"source\":false}}",
                      "eState": "{\"scroll\":0}"
                    },
                    {
                      "leaf": "b925b1fa789215ee",
                      "group": null,
                      "state": "{\"type\":\"markdown\",\"state\":{\"file\":\"03-Projects/99-黑曜石玩家指南/3-obsidian做课题/完整导出项目.md\",\"mode\":\"source\",\"source\":false}}",
                      "eState": "{\"scroll\":2.8999999364217124}"
                    },
                    {
                      "leaf": "b925b1fa789215ee",
                      "group": null,
                      "state": "{\"type\":\"markdown\",\"state\":{\"file\":\"03-Projects/99-黑曜石玩家指南/99-黑曜石玩家指南.md\",\"mode\":\"preview\",\"source\":false}}",
                      "eState": "{\"scroll\":20.293750127156574}"
                    },
                    {
                      "leaf": "b925b1fa789215ee",
                      "group": null,
                      "state": "{\"type\":\"markdown\",\"state\":{\"file\":\"README.md\",\"mode\":\"source\",\"source\":false}}",
                      "eState": "{\"cursor\":{\"from\":{\"line\":9,\"ch\":34},\"to\":{\"line\":9,\"ch\":34}},\"scroll\":0}"
                    },
                    {
                      "leaf": "b925b1fa789215ee",
                      "group": null,
                      "state": "{\"type\":\"markdown\",\"state\":{\"file\":\"03-Projects/99-黑曜石玩家指南/4-obsidian附录/python代码说明与调试方法.md\",\"mode\":\"source\",\"source\":false}}",
                      "eState": "{\"cursor\":{\"from\":{\"line\":14,\"ch\":38},\"to\":{\"line\":14,\"ch\":38}},\"scroll\":0}"
                    },
                    {
                      "leaf": "b925b1fa789215ee",
                      "group": null,
                      "state": "{\"type\":\"markdown\",\"state\":{\"file\":\"03-Projects/98-test/test3.md\",\"mode\":\"source\",\"source\":false}}",
                      "eState": "{\"cursor\":{\"from\":{\"line\":0,\"ch\":0},\"to\":{\"line\":0,\"ch\":0}},\"scroll\":0}"
                    },
                    {
                      "leaf": "b925b1fa789215ee",
                      "group": null,
                      "state": "{\"type\":\"markdown\",\"state\":{\"file\":\"03-Projects/99-黑曜石玩家指南/99-黑曜石玩家指南.md\",\"mode\":\"source\",\"source\":false}}",
                      "eState": "{\"scroll\":18.732307267665504}"
                    },
                    {
                      "leaf": "b925b1fa789215ee",
                      "group": null,
                      "state": "{\"type\":\"markdown\",\"state\":{\"file\":\"03-Projects/99-黑曜石玩家指南/1-obsidian入门/zotero-obsidian联动配置.md\",\"mode\":\"source\",\"source\":false}}",
                      "eState": "{\"scroll\":68.7634}"
                    },
                    {
                      "leaf": "b925b1fa789215ee",
                      "group": null,
                      "state": "{\"type\":\"markdown\",\"state\":{\"file\":\"03-Projects/99-黑曜石玩家指南/99-黑曜石玩家指南.md\",\"mode\":\"preview\",\"source\":true}}",
                      "eState": "{}"
                    },
                    {
                      "leaf": "b925b1fa789215ee",
                      "group": null,
                      "state": "{\"type\":\"markdown\",\"state\":{\"file\":\"09-Templates/文件夹目录模板.md\",\"mode\":\"source\",\"source\":true}}",
                      "eState": "{\"cursor\":{\"from\":{\"line\":15,\"ch\":3},\"to\":{\"line\":10,\"ch\":0}}}"
                    },
                    {
                      "leaf": "b925b1fa789215ee",
                      "group": null,
                      "state": "{\"type\":\"markdown\",\"state\":{\"file\":\"03-Projects/99-黑曜石玩家指南/99-黑曜石玩家指南.md\",\"mode\":\"preview\",\"source\":false}}",
                      "eState": "{\"scroll\":0}"
                    },
                    {
                      "leaf": "b925b1fa789215ee",
                      "group": null,
                      "state": "{\"type\":\"markdown\",\"state\":{\"file\":\"09-Templates/文件夹目录模板.md\",\"mode\":\"source\",\"source\":false}}",
                      "eState": "{\"cursor\":{\"from\":{\"line\":16,\"ch\":0},\"to\":{\"line\":16,\"ch\":0}}}"
                    },
                    {
                      "leaf": "b925b1fa789215ee",
                      "group": null,
                      "state": "{\"type\":\"markdown\",\"state\":{\"file\":\"03-Projects/99-黑曜石玩家指南/4-obsidian附录/结束语.md\",\"mode\":\"source\",\"source\":false}}",
                      "eState": "{}"
                    },
                    {
                      "leaf": "b925b1fa789215ee",
                      "group": null,
                      "state": "{\"type\":\"markdown\",\"state\":{\"file\":\"03-Projects/99-黑曜石玩家指南/4-obsidian附录/更新日志.md\",\"mode\":\"source\",\"source\":false}}",
                      "eState": "{\"cursor\":{\"from\":{\"line\":8,\"ch\":6},\"to\":{\"line\":8,\"ch\":40}}}"
                    },
                    {
                      "leaf": "b925b1fa789215ee",
                      "group": null,
                      "state": "{\"type\":\"markdown\",\"state\":{\"file\":\"03-Projects/99-黑曜石玩家指南/99-黑曜石玩家指南.md\",\"mode\":\"preview\",\"source\":false}}",
                      "eState": "{\"scroll\":20.40625}"
                    },
                    {
                      "leaf": "b925b1fa789215ee",
                      "group": null,
                      "state": "{\"type\":\"markdown\",\"state\":{\"file\":\"03-Projects/99-黑曜石玩家指南/4-obsidian附录/结束语.md\",\"mode\":\"source\",\"source\":false}}",
                      "eState": "{\"cursor\":{\"from\":{\"line\":56,\"ch\":9},\"to\":{\"line\":56,\"ch\":9}},\"scroll\":42.99166742960612}"
                    },
                    {
                      "leaf": "b925b1fa789215ee",
                      "group": null,
                      "state": "{\"type\":\"markdown\",\"state\":{\"file\":\"03-Projects/99-黑曜石玩家指南/99-黑曜石玩家指南.md\",\"mode\":\"preview\",\"source\":false}}",
                      "eState": "{\"scroll\":12.71181089546424}"
                    },
                    {
                      "leaf": "b925b1fa789215ee",
                      "group": null,
                      "state": "{\"type\":\"markdown\",\"state\":{\"file\":\"03-Projects/99-黑曜石玩家指南/4-obsidian附录/结束语.md\",\"mode\":\"source\",\"source\":false}}",
                      "eState": "{\"cursor\":{\"from\":{\"line\":0,\"ch\":0},\"to\":{\"line\":0,\"ch\":0}},\"scroll\":35.91041644414266}"
                    },
                    {
                      "leaf": "b925b1fa789215ee",
                      "group": null,
                      "state": "{\"type\":\"markdown\",\"state\":{\"file\":\"README.md\",\"mode\":\"source\",\"source\":false}}",
                      "eState": "{\"scroll\":54.09114496875558}"
                    },
                    {
                      "leaf": "b925b1fa789215ee",
                      "group": null,
                      "state": "{\"type\":\"markdown\",\"state\":{\"file\":\"00-MOC/本周事务表.md\",\"mode\":\"preview\",\"source\":false}}",
                      "eState": "{\"scroll\":0}"
                    }
                  ]
                }
              }
            ],
            "currentTab": 2
          }
        ],
        "direction": "horizontal",
        "width": 229
      },
      "active": "bb3efc9cc32deb4b"
    }
  },
  "active": "日志草稿"
}